report_id,filename,is_medical,category,organization,title,subject_name,date,sample_reference_id,expected_gatekeeper_status
MED_001,MED_001_HLA_High_Resolution_Tissue_Typing_NGS.pdf,1,HLA Immunogenetics,APOLLO HOSPITALS CANCER INSTITUTE,High-Resolution HLA Tissue Typing Report (Next-Generation Sequencing),Ananya Sharma,"September 14, 2026",HLA-NGS-2026-8821,ACCEPTED
MED_002,MED_002_PBSC_Apheresis_CD34_Harvest.pdf,1,Stem Cell Harvest,TATA MEMORIAL CENTRE - ACTREC,Peripheral Blood Stem Cell (PBSC) Harvest & CD34+ Enumeration Report,Rohan Deshmukh,"September 14, 2026",PBSC-FLOW-2026-9041,ACCEPTED
MED_003,MED_003_Bone_Marrow_Aspirate_and_Cytogenetics.pdf,1,Hematopathology,CHRISTIAN MEDICAL COLLEGE (CMC) VELLORE,"Bone Marrow Aspirate, Biopsy & Cytogenetics Remission Evaluation",Kavita Pillai,"September 14, 2026",BMA-CYTO-2026-4401,ACCEPTED
MED_004,MED_004_Pre_Transplant_Viral_Serology_Panel.pdf,1,Infectious Disease,NARAYANA HEALTH - MAZUMDAR SHAW MEDICAL CENTRE,Pre-Transplant Infectious Disease Serology & Nucleic Acid Screen,Vikramaditya Sengupta,"September 14, 2026",VIR-PANEL-2026-3390,ACCEPTED
MED_005,MED_005_Complete_Blood_Count_Differential.pdf,1,Hematology Profile,ALL INDIA INSTITUTE OF MEDICAL SCIENCES (AIIMS),Complete Blood Count (CBC) with Automated 5-Part Differential,Sunita Devi,"September 14, 2026",CBC-AIIMS-2026-6612,ACCEPTED
MED_006,MED_006_Post_Transplant_STR_Chimerism_Analysis.pdf,1,Molecular Engraftment,FORTIS MEMORIAL RESEARCH INSTITUTE (FMRI),Post-Transplant STR Multiplex Chimerism & Engraftment Analysis,Rahul Kapoor,"September 14, 2026",STR-CHIM-2026-1190,ACCEPTED
MED_007,MED_007_Minimal_Residual_Disease_Flow_Cytometry.pdf,1,Flow Cytometry MRD,MEDANTA - THE MEDICITY CANCER INSTITUTE,Minimal Residual Disease (MRD) High-Sensitivity 8-Color Flow Cytometry,Aditi Roy Chowdhury,"September 14, 2026",MRD-FLOW-2026-8831,ACCEPTED
MED_008,MED_008_Matched_Donor_Buccal_Swab_Confirmatory_HLA.pdf,1,Registry Verification,DATRI BLOOD STEM CELL DONORS REGISTRY,Confirmatory Typing (CT) High-Resolution HLA Report for Registered Donor,Donor: Arvind Swaminathan (DATRI-ID-44912),"September 14, 2026",DATRI-CT-2026-9912,ACCEPTED
MED_009,MED_009_Hemoglobin_HPLC_Thalassemia_Mutation.pdf,1,Hemoglobinopathy,CHRISTIAN MEDICAL COLLEGE (CMC) LUDHIANA,Hemoglobin High-Performance Liquid Chromatography (HPLC) & Beta-Globin Screen,Manpreet Kaur,"September 14, 2026",HPLC-THAL-2026-2291,ACCEPTED
MED_010,MED_010_Cryopreserved_Stem_Cell_Graft_Infusion_Sterility.pdf,1,Cryostorage Quality,MANIPAL HOSPITAL COMPREHENSIVE CANCER CARE,"Cryopreserved Cellular Therapy Graft Thaw, Viability & Release Certificate",Arunachalam Venkatesan,"September 14, 2026",CRYO-CERT-2026-7789,ACCEPTED
MED_011,MED_011_Coagulation_Profile_and_DDimer.pdf,1,Hemostasis & Thrombosis,SIR GANGA RAM HOSPITAL,Comprehensive Coagulation Panel & D-Dimer Assessment,Tanvi Kapoor,"September 14, 2026",COAG-2026-5511,ACCEPTED
MED_012,MED_012_Serum_Protein_Electrophoresis_Immunofixation.pdf,1,Immunochemistry & Myeloma,MAX SUPER SPECIALITY HOSPITAL SAKET,Serum Protein Electrophoresis (SPEP) & Capillary Immunofixation,Harish Chandra Joshi,"September 14, 2026",SPEP-2026-1029,ACCEPTED
MED_013,MED_013_Flow_Cytometry_Immunophenotyping_AML.pdf,1,Leukemia Immunophenotyping,RAJIV GANDHI CANCER INSTITUTE & RESEARCH CENTRE,10-Color Flow Cytometric Immunophenotyping (Acute Myeloid Leukemia),Gurmeet Singh,"September 14, 2026",FLOW-AML-2026-6644,ACCEPTED
MED_014,MED_014_Flow_Cytometry_Immunophenotyping_BALL.pdf,1,Leukemia Immunophenotyping,KIDWAI MEMORIAL INSTITUTE OF ONCOLOGY,Comprehensive 10-Color Immunophenotyping for B-Lymphoblastic Leukemia,Aarav Gowda,"September 14, 2026",BALL-KMIO-2026-9901,ACCEPTED
MED_015,MED_015_Targeted_NGS_Myeloid_Mutation_Panel.pdf,1,Genomics & Precision Oncology,MEDGENOME LABORATORIES PVT LTD,Comprehensive 54-Gene Targeted NGS Myeloid Mutation Panel,Deepak Khurana,"September 14, 2026",NGS-MYE-2026-4402,ACCEPTED
MED_016,MED_016_BCR_ABL1_Quantitative_RT_PCR_IS.pdf,1,Molecular Hematology,LAL PATHLABS NATIONAL REFERENCE LABORATORY,BCR-ABL1 (Major e13a2/e14a2) Quantitative RT-PCR (International Scale %),Suresh Nair,"September 14, 2026",PCR-BCR-2026-9011,ACCEPTED
MED_017,MED_017_Pre_Conditioning_Liver_Function_Panel.pdf,1,Biochemistry & Organ Clearance,AMRITA INSTITUTE OF MEDICAL SCIENCES (AIMS),Comprehensive Hepatic Function Profile (Pre-BMT Conditioning Clearance),Siddharth Menon,"September 14, 2026",LFT-AIMS-2026-4419,ACCEPTED
MED_018,MED_018_Renal_Function_and_Electrolyte_Panel.pdf,1,Nephrology & Biochemistry,INDRAPRASTHA APOLLO HOSPITALS,Comprehensive Renal Function & Serum Electrolyte Profile,Karthik Ranganathan,"September 14, 2026",RFT-APL-2026-8809,ACCEPTED
MED_019,MED_019_Tacrolimus_Whole_Blood_Trough_Monitoring.pdf,1,Therapeutic Drug Monitoring,TATA MEDICAL CENTER KOLKATA,Tacrolimus (FK506) Whole Blood Trough Level (LC-MS/MS),Debabrata Mukherjee,"September 14, 2026",TDM-TAC-2026-3392,ACCEPTED
MED_020,MED_020_Invasive_Fungal_Infection_Biomarkers.pdf,1,Infectious Disease Biomarkers,POSTGRADUATE INSTITUTE OF MEDICAL EDUCATION & RESEARCH (PGIMER),"Invasive Fungal Infection Surveillance Panel (Galactomannan & 1,3-Beta-D-Glucan)",Harbhajan Brar,"September 14, 2026",MYCO-PGI-2026-8804,ACCEPTED
MED_021,MED_021_Lymphocyte_Subset_Immune_Reconstitution.pdf,1,Immune Reconstitution,KOSHIKA APEX CELLULAR THERAPY & BMT CENTRE,Lymphocyte Subset Phenotyping & Immune Reconstitution Panel,Clinical Patient #21 (Verified Cohort),"September 14, 2026",MED-KOSHIKA-2026-8821,ACCEPTED
MED_022,MED_022_Donor_NAT_Infectious_Disease_Screen.pdf,1,Donor Safety Screen,KOSHIKA APEX CELLULAR THERAPY & BMT CENTRE,"Donor Nucleic Acid Amplification Testing (NAT) for HIV, HBV & HCV",Clinical Patient #22 (Verified Cohort),"September 14, 2026",MED-KOSHIKA-2026-8822,ACCEPTED
MED_023,MED_023_Acute_GVHD_Skin_Biopsy_Histopathology.pdf,1,Histopathology,KOSHIKA APEX CELLULAR THERAPY & BMT CENTRE,Graft-Versus-Host Disease (GVHD) Skin Punch Biopsy Histopathology,Clinical Patient #23 (Verified Cohort),"September 14, 2026",MED-KOSHIKA-2026-8823,ACCEPTED
MED_024,MED_024_JAK2_V617F_Quantitative_Allele_Burden.pdf,1,Molecular Hematology,KOSHIKA APEX CELLULAR THERAPY & BMT CENTRE,JAK2 V617F & CALR Quantitative Mutation Allele Burden Analysis,Clinical Patient #24 (Verified Cohort),"September 14, 2026",MED-KOSHIKA-2026-8824,ACCEPTED
MED_025,MED_025_CSF_Cytology_Leukemia_Involvement.pdf,1,Cytopathology,KOSHIKA APEX CELLULAR THERAPY & BMT CENTRE,Cerebrospinal Fluid (CSF) Cytology & Occult Meningeal Leukemia Screen,Clinical Patient #25 (Verified Cohort),"September 14, 2026",MED-KOSHIKA-2026-8825,ACCEPTED
MED_026,MED_026_Peripheral_Blood_Smear_Morphology.pdf,1,Diagnostic Morphology,KOSHIKA APEX CELLULAR THERAPY & BMT CENTRE,Peripheral Blood Smear Morphological Review & Manual Differential,Clinical Patient #26 (Verified Cohort),"September 14, 2026",MED-KOSHIKA-2026-8826,ACCEPTED
MED_027,MED_027_Serum_Ferritin_Iron_Overload_Panel.pdf,1,Iron Studies,KOSHIKA APEX CELLULAR THERAPY & BMT CENTRE,Serum Ferritin & Iron Overload Panel (Post-Transfusion Hemosiderosis),Clinical Patient #27 (Verified Cohort),"September 14, 2026",MED-KOSHIKA-2026-8827,ACCEPTED
MED_028,MED_028_BAL_Respiratory_Multiplex_PCR_Panel.pdf,1,Molecular Microbiology,KOSHIKA APEX CELLULAR THERAPY & BMT CENTRE,Bronchoalveolar Lavage (BAL) Viral & Bacterial Respiratory Multiplex Panel,Clinical Patient #28 (Verified Cohort),"September 14, 2026",MED-KOSHIKA-2026-8828,ACCEPTED
MED_029,MED_029_Quantitative_CMV_Viral_Load_RT_PCR.pdf,1,Molecular Virology,KOSHIKA APEX CELLULAR THERAPY & BMT CENTRE,Cytomegalovirus (CMV) Quantitative Real-Time PCR (IU/mL),Clinical Patient #29 (Verified Cohort),"September 14, 2026",MED-KOSHIKA-2026-8829,ACCEPTED
MED_030,MED_030_EBV_Quantitative_DNA_PCR_PTLD_Screen.pdf,1,Molecular Virology,KOSHIKA APEX CELLULAR THERAPY & BMT CENTRE,Epstein-Barr Virus (EBV) Quantitative DNA PCR for PTLD Surveillance,Clinical Patient #30 (Verified Cohort),"September 14, 2026",MED-KOSHIKA-2026-8830,ACCEPTED
MED_031,MED_031_BK_Virus_Quantitative_PCR_Urine_Plasma.pdf,1,Molecular Virology,KOSHIKA APEX CELLULAR THERAPY & BMT CENTRE,BK Polyomavirus DNA Quantification in Urine & Plasma,Clinical Patient #31 (Verified Cohort),"September 14, 2026",MED-KOSHIKA-2026-8831,ACCEPTED
MED_032,MED_032_T_Cell_Receptor_Gamma_Clonality_PCR.pdf,1,Molecular Hematology,KOSHIKA APEX CELLULAR THERAPY & BMT CENTRE,T-Cell Receptor Gamma (TCRG) Gene Rearrangement Clonality Screen,Clinical Patient #32 (Verified Cohort),"September 14, 2026",MED-KOSHIKA-2026-8832,ACCEPTED
MED_033,MED_033_Clostridium_Difficile_Toxin_PCR_GDH.pdf,1,Clinical Microbiology,KOSHIKA APEX CELLULAR THERAPY & BMT CENTRE,Clostridium Difficile Toxin A/B and GDH Antigen Diagnostic Screen,Clinical Patient #33 (Verified Cohort),"September 14, 2026",MED-KOSHIKA-2026-8833,ACCEPTED
MED_034,MED_034_HLH_Diagnostic_Biomarker_Panel.pdf,1,Specialized Immunology,KOSHIKA APEX CELLULAR THERAPY & BMT CENTRE,Hemophagocytic Lymphohistiocytosis (HLH) Comprehensive Biomarker Screen,Clinical Patient #34 (Verified Cohort),"September 14, 2026",MED-KOSHIKA-2026-8834,ACCEPTED
MED_035,MED_035_Cryopreservation_Thaw_CFU_Colony_Assay.pdf,1,Stem Cell Potency,KOSHIKA APEX CELLULAR THERAPY & BMT CENTRE,Cryopreserved Stem Cell Post-Thaw Viability & CFU Colony Assay,Clinical Patient #35 (Verified Cohort),"September 14, 2026",MED-KOSHIKA-2026-8835,ACCEPTED
MED_036,MED_036_Peripheral_Blood_CD34_Mobilization_Monitoring.pdf,1,Stem Cell Mobilization,KOSHIKA APEX CELLULAR THERAPY & BMT CENTRE,Pre-Apheresis Peripheral Blood CD34+ Mobilization Kinetic Assay,Clinical Patient #36 (Verified Cohort),"September 14, 2026",MED-KOSHIKA-2026-8836,ACCEPTED
MED_037,MED_037_Umbilical_Cord_Blood_Unit_Characterization.pdf,1,Cord Blood Banking,KOSHIKA APEX CELLULAR THERAPY & BMT CENTRE,Clinical Grade Umbilical Cord Blood (UCB) Unit Cryo-Certificate,Clinical Patient #37 (Verified Cohort),"September 14, 2026",MED-KOSHIKA-2026-8837,ACCEPTED
MED_038,MED_038_ABO_Isohemagglutinin_Antibody_Titre.pdf,1,Transfusion Medicine,KOSHIKA APEX CELLULAR THERAPY & BMT CENTRE,Isohemagglutinin Anti-A and Anti-B Antibody Titre for Mismatched BMT,Clinical Patient #38 (Verified Cohort),"September 14, 2026",MED-KOSHIKA-2026-8838,ACCEPTED
MED_039,MED_039_Serum_Quantitative_Immunoglobulins_Panel.pdf,1,Clinical Immunology,KOSHIKA APEX CELLULAR THERAPY & BMT CENTRE,"Serum Quantitative Immunoglobulin Profile (IgG, IgA, IgM & IgE)",Clinical Patient #39 (Verified Cohort),"September 14, 2026",MED-KOSHIKA-2026-8839,ACCEPTED
MED_040,MED_040_TPMT_and_NUDT15_Pharmacogenomics.pdf,1,Pharmacogenomics,KOSHIKA APEX CELLULAR THERAPY & BMT CENTRE,TPMT and NUDT15 Pharmacogenetic Genotyping Prior to 6-MP Chemotherapy,Clinical Patient #40 (Verified Cohort),"September 14, 2026",MED-KOSHIKA-2026-8840,ACCEPTED
MED_041,MED_041_High_Sensitivity_Cardiac_Troponin_and_BNP.pdf,1,Cardiovascular Biomarkers,KOSHIKA APEX CELLULAR THERAPY & BMT CENTRE,Pre-Transplant Cardiotoxicity Assessment (hs-cTnI & NT-proBNP),Clinical Patient #41 (Verified Cohort),"September 14, 2026",MED-KOSHIKA-2026-8841,ACCEPTED
MED_042,MED_042_Pre_Transplant_Pulmonary_Function_DLCO.pdf,1,Pulmonary Medicine,KOSHIKA APEX CELLULAR THERAPY & BMT CENTRE,Pre-Transplant Pulmonary Function Test & Carbon Monoxide Diffusion (DLCO),Clinical Patient #42 (Verified Cohort),"September 14, 2026",MED-KOSHIKA-2026-8842,ACCEPTED
MED_043,MED_043_Trephine_Bone_Marrow_Core_Biopsy_IHC.pdf,1,Histopathology,KOSHIKA APEX CELLULAR THERAPY & BMT CENTRE,Trephine Bone Marrow Core Biopsy & Immunohistochemistry (Multiple Myeloma),Clinical Patient #43 (Verified Cohort),"September 14, 2026",MED-KOSHIKA-2026-8843,ACCEPTED
MED_044,MED_044_Intravascular_Hemolysis_Screen_Panel.pdf,1,Specialized Hematology,KOSHIKA APEX CELLULAR THERAPY & BMT CENTRE,Intravascular Hemolysis Evaluation Panel (Haptoglobin & Free Hemoglobin),Clinical Patient #44 (Verified Cohort),"September 14, 2026",MED-KOSHIKA-2026-8844,ACCEPTED
MED_045,MED_045_CAR_T_Cell_Product_Release_Certificate.pdf,1,Cell & Gene Therapy,KOSHIKA APEX CELLULAR THERAPY & BMT CENTRE,Autologous Anti-CD19 CAR-T Cell Product Quality & Release Certificate,Clinical Patient #45 (Verified Cohort),"September 14, 2026",MED-KOSHIKA-2026-8845,ACCEPTED
MED_046,MED_046_Mesenchymal_Stem_Cell_Potency_Clearance.pdf,1,Regenerative Medicine,KOSHIKA APEX CELLULAR THERAPY & BMT CENTRE,Clinical Grade Mesenchymal Stem Cell (MSC) Sterility & Potency Clearance,Clinical Patient #46 (Verified Cohort),"September 14, 2026",MED-KOSHIKA-2026-8846,ACCEPTED
MED_047,MED_047_Clonal_Hematopoiesis_CHIP_Genomic_Panel.pdf,1,Molecular Genetics,KOSHIKA APEX CELLULAR THERAPY & BMT CENTRE,Clonal Hematopoiesis of Indeterminate Potential (CHIP) Genomic Panel,Clinical Patient #47 (Verified Cohort),"September 14, 2026",MED-KOSHIKA-2026-8847,ACCEPTED
MED_048,MED_048_High_Sensitivity_PNH_Flow_Cytometry.pdf,1,Flow Cytometry,KOSHIKA APEX CELLULAR THERAPY & BMT CENTRE,Paroxysmal Nocturnal Hemoglobinuria (PNH) High-Sensitivity Flow Cytometry,Clinical Patient #48 (Verified Cohort),"September 14, 2026",MED-KOSHIKA-2026-8848,ACCEPTED
MED_049,MED_049_Busulfan_First_Dose_Pharmacokinetics_AUC.pdf,1,Pharmacokinetics,KOSHIKA APEX CELLULAR THERAPY & BMT CENTRE,Busulfan First-Dose Pharmacokinetics & Area Under Curve (AUC) Monitoring,Clinical Patient #49 (Verified Cohort),"September 14, 2026",MED-KOSHIKA-2026-8849,ACCEPTED
MED_050,MED_050_G_CSF_Mobilization_Absolute_Neutrophil_Log.pdf,1,Stem Cell Mobilization,KOSHIKA APEX CELLULAR THERAPY & BMT CENTRE,G-CSF Mobilization Kinetic Curve & Absolute Neutrophil Response Log,Clinical Patient #50 (Verified Cohort),"September 14, 2026",MED-KOSHIKA-2026-8850,ACCEPTED
MED_051,MED_051_ADAMTS13_Activity_and_Inhibitor_Assay.pdf,1,Specialized Coagulation,KOSHIKA APEX CELLULAR THERAPY & BMT CENTRE,ADAMTS13 Protease Activity & Bethesda Inhibitor Neutralization Screen,Clinical Patient #51 (Verified Cohort),"September 14, 2026",MED-KOSHIKA-2026-8851,ACCEPTED
MED_052,MED_052_Cytogenetic_FISH_Myelodysplastic_Syndrome.pdf,1,Cytogenetics,KOSHIKA APEX CELLULAR THERAPY & BMT CENTRE,Fluorescence In Situ Hybridization (FISH) Myelodysplastic Syndrome (MDS) Panel,Clinical Patient #52 (Verified Cohort),"September 14, 2026",MED-KOSHIKA-2026-8852,ACCEPTED
NON_MED_001,NON_MED_001_Luxury_Hotel_Room_Tax_Invoice.pdf,0,Hospitality & Invoicing,GRAND HORIZON LUXURY PALACE & RESORT,Hotel Room Billing Statement & Official Tax Invoice,Rajesh Kumar Verma,"September 14, 2026",INV-HOTEL-2026-8812,REJECTED
NON_MED_002,NON_MED_002_Airline_Electronic_Boarding_Pass.pdf,0,Aviation & Travel,AIR INDIGO AIRWAYS INTERNATIONAL,Passenger Electronic Boarding Pass & Flight Coupon,Vikram Sethi (Passenger MR),"September 14, 2026",BP-6E-2026-9921,REJECTED
NON_MED_003,NON_MED_003_Fine_Dining_Restaurant_Bill.pdf,0,Food & Beverage,THE COPPER CHIMNEY FINE DINING RESTAURANT,"Itemized Food, Beverage & Dining Bill Receipt",Guest: Amit Malhotra (Table 08),"September 14, 2026",POS-BILL-2026-4402,REJECTED
NON_MED_004,NON_MED_004_Corporate_IT_Hardware_Purchase_Order.pdf,0,Corporate Procurement,INFOTECH GLOBAL SOLUTIONS ENTERPRISE,Corporate Hardware Procurement Order & Commercial Contract,Vendor: Dell Technologies India Pvt Ltd,"September 14, 2026",PO-IT-2026-90412,REJECTED
NON_MED_005,NON_MED_005_Software_Engineer_Curriculum_Vitae.pdf,0,Human Resources & Recruitment,CURRICULUM VITAE & PROFESSIONAL RESUME,Curriculum Vitae - Senior Full-Stack Software Engineer,Candidate: Rohan K. Nambiar,"September 14, 2026",CV-ENG-2026-5519,REJECTED
NON_MED_006,NON_MED_006_City_Electricity_Utility_Bill.pdf,0,Utilities & Energy,TATA POWER COMPANY LIMITED - CONSUMER SERVICES,Monthly Electricity Consumption & Metering Statement,Consumer: Smt. Sunita Ramesh Rao,"September 14, 2026",BILL-ELEC-2026-88019,REJECTED
NON_MED_007,NON_MED_007_Motor_Vehicle_Driving_License.pdf,0,Government & Licensing,GOVERNMENT OF KARNATAKA - MOTOR VEHICLES DEPARTMENT,Motor Vehicle Driver's Licence & Identity Card,Licence Holder: Pradeep N. Hegde,"September 14, 2026",DL-KA01-2026-00918,REJECTED
NON_MED_008,NON_MED_008_Commercial_Bank_Monthly_Statement.pdf,0,Banking & Finance,HDFC BANK LIMITED - RETAIL BANKING DIVISION,Savings Bank Account Monthly Statement of Transactions,Account Holder: Gaurav M. Bhattacharya,"September 14, 2026",STMT-HDFC-2026-99014,REJECTED
NON_MED_009,NON_MED_009_Residential_Apartment_Rental_Lease.pdf,0,Real Estate & Legal,PRESTIGE RESIDENTIAL ESTATES & TOWNSHIPS,11-Month Residential Apartment Tenancy & Rental Agreement,Tenant: Abhishek Chawla | Landlord: K. Venkatraman,"September 14, 2026",LEASE-AGR-2026-3391,REJECTED
NON_MED_010,NON_MED_010_University_Semester_Marksheet_Transcript.pdf,0,Education & Academics,DELHI TECHNOLOGICAL UNIVERSITY (FORMERLY DCE),Bachelor of Technology (B.Tech) Semester Grade Marksheet,Student: Pooja V. Kulkarni,"September 14, 2026",DTU-MARKS-2026-88120,REJECTED
NON_MED_011,NON_MED_011_E_Commerce_Courier_Shipping_Label.pdf,0,Logistics & Delivery,ENTERPRISE SERVICES & COMMERCIAL CORP #11,Logistics & Delivery,Corporate Client / Consumer #11,"September 14, 2026",E-Commerce Package Shipping Label & Delivery Challan,REJECTED
NON_MED_012,NON_MED_012_Gym_Annual_Fitness_Membership_Contract.pdf,0,Fitness & Sports,ENTERPRISE SERVICES & COMMERCIAL CORP #12,Fitness & Sports,Corporate Client / Consumer #12,"September 14, 2026",Health Club & Gym Annual Membership Agreement,REJECTED
NON_MED_013,NON_MED_013_Cellular_Telecom_Postpaid_Monthly_Invoice.pdf,0,Telecommunications,ENTERPRISE SERVICES & COMMERCIAL CORP #13,Telecommunications,Corporate Client / Consumer #13,"September 14, 2026",Mobile Telecom 5G Postpaid Monthly Billing Statement,REJECTED
NON_MED_014,NON_MED_014_Indian_Railways_IRCTC_Reservation_Slip.pdf,0,Railway Transport,ENTERPRISE SERVICES & COMMERCIAL CORP #14,Railway Transport,Corporate Client / Consumer #14,"September 14, 2026",Indian Railways IRCTC Electronic Reservation Slip (Train Ticket),REJECTED
NON_MED_015,NON_MED_015_Corporate_Employee_Monthly_Salary_Payslip.pdf,0,Human Resources,ENTERPRISE SERVICES & COMMERCIAL CORP #15,Human Resources,Corporate Client / Consumer #15,"September 14, 2026",Corporate Monthly Employee Salary Payslip with Tax Deductions,REJECTED
NON_MED_016,NON_MED_016_Income_Tax_Department_ITR_V_Acknowledgement.pdf,0,Taxation & Revenue,ENTERPRISE SERVICES & COMMERCIAL CORP #16,Taxation & Revenue,Corporate Client / Consumer #16,"September 14, 2026",Income Tax Department ITR-V Verification & Filing Acknowledgement,REJECTED
NON_MED_017,NON_MED_017_Hypermarket_Grocery_Store_POS_Receipt.pdf,0,Retail & Commerce,ENTERPRISE SERVICES & COMMERCIAL CORP #17,Retail & Commerce,Corporate Client / Consumer #17,"September 14, 2026",Supermarket Retail Hypermarket Cash POS Register Receipt,REJECTED
NON_MED_018,NON_MED_018_Tech_Conference_Delegate_Pass_Voucher.pdf,0,Events & Entertainment,ENTERPRISE SERVICES & COMMERCIAL CORP #18,Events & Entertainment,Corporate Client / Consumer #18,"September 14, 2026",International Tech Conference Delegate Pass & Ticket Voucher,REJECTED
NON_MED_019,NON_MED_019_Automobile_Periodic_Service_Work_Order.pdf,0,Automotive & Maintenance,ENTERPRISE SERVICES & COMMERCIAL CORP #19,Automotive & Maintenance,Corporate Client / Consumer #19,"September 14, 2026",Automobile Dealership Periodic Maintenance Work Order & Receipt,REJECTED
NON_MED_020,NON_MED_020_Commercial_Office_Property_Maintenance_Bill.pdf,0,Commercial Property,ENTERPRISE SERVICES & COMMERCIAL CORP #20,Commercial Property,Corporate Client / Consumer #20,"September 14, 2026",Commercial Office Property Maintenance & Common Area Dues Receipt,REJECTED
NON_MED_021,NON_MED_021_Fiber_Optic_Broadband_Monthly_Bill.pdf,0,Broadband Internet Service,ENTERPRISE ALLIANCE CORP - UNIT #21,High-Speed Fiber Broadband Monthly Internet Billing Statement,Corporate Commercial Account #21,"September 14, 2026",DOC-NONMED-2026-9921,REJECTED
NON_MED_022,NON_MED_022_Fuel_Station_Petrol_Tax_Receipt.pdf,0,Petroleum & Energy,ENTERPRISE ALLIANCE CORP - UNIT #22,Highway Fuel Station Petrol & Diesel Fuel Tax Receipt,Corporate Commercial Account #22,"September 14, 2026",DOC-NONMED-2026-9922,REJECTED
NON_MED_023,NON_MED_023_UI_UX_Graphic_Design_Quotation.pdf,0,Professional Design Services,ENTERPRISE ALLIANCE CORP - UNIT #23,Creative Studio UI/UX Graphic Design Quotation & Scope of Work,Corporate Commercial Account #23,"September 14, 2026",DOC-NONMED-2026-9923,REJECTED
NON_MED_024,NON_MED_024_Multi_Level_Parking_Ticket_Receipt.pdf,0,Urban Parking Transport,ENTERPRISE ALLIANCE CORP - UNIT #24,Multi-Level Automated Parking Facility Ticket & Cash Receipt,Corporate Commercial Account #24,"September 14, 2026",DOC-NONMED-2026-9924,REJECTED
NON_MED_025,NON_MED_025_Cinema_Multiplex_Movie_Ticket_Voucher.pdf,0,Entertainment & Cinema,ENTERPRISE ALLIANCE CORP - UNIT #25,Multiplex IMAX Cinema Movie Booking Confirmation Voucher,Corporate Commercial Account #25,"September 14, 2026",DOC-NONMED-2026-9925,REJECTED
NON_MED_026,NON_MED_026_Cloud_Infrastructure_AWS_Monthly_Invoice.pdf,0,Cloud Computing & SaaS,ENTERPRISE ALLIANCE CORP - UNIT #26,Cloud Computing Services AWS & Azure Monthly Infrastructure Invoice,Corporate Commercial Account #26,"September 14, 2026",DOC-NONMED-2026-9926,REJECTED
NON_MED_027,NON_MED_027_Hardware_Store_Materials_Tax_Invoice.pdf,0,Building Materials,ENTERPRISE ALLIANCE CORP - UNIT #27,Industrial Hardware & Building Materials Procurement Tax Invoice,Corporate Commercial Account #27,"September 14, 2026",DOC-NONMED-2026-9927,REJECTED
NON_MED_028,NON_MED_028_Office_Furniture_Delivery_Challan.pdf,0,Commercial Furniture,ENTERPRISE ALLIANCE CORP - UNIT #28,Ergonomic Office Furniture Delivery Slip & Assembly Order,Corporate Commercial Account #28,"September 14, 2026",DOC-NONMED-2026-9928,REJECTED
NON_MED_029,NON_MED_029_Legal_Retainer_Consultancy_Fee_Note.pdf,0,Legal Advisory Services,ENTERPRISE ALLIANCE CORP - UNIT #29,Legal Retainer & Corporate Law Consultancy Advisory Fee Invoice,Corporate Commercial Account #29,"September 14, 2026",DOC-NONMED-2026-9929,REJECTED
NON_MED_030,NON_MED_030_Air_Cargo_Freight_Consignment_AWB.pdf,0,Freight Logistics,ENTERPRISE ALLIANCE CORP - UNIT #30,Logistics Freight Air Waybill (AWB) Consignment Tracking Receipt,Corporate Commercial Account #30,"September 14, 2026",DOC-NONMED-2026-9930,REJECTED
NON_MED_031,NON_MED_031_Enterprise_SaaS_License_Subscription.pdf,0,Software Licensing,ENTERPRISE ALLIANCE CORP - UNIT #31,Enterprise SaaS Software License & Annual Subscription Contract,Corporate Commercial Account #31,"September 14, 2026",DOC-NONMED-2026-9931,REJECTED
NON_MED_032,NON_MED_032_Vacation_Tour_Package_Confirmation.pdf,0,Tourism & Leisure,ENTERPRISE ALLIANCE CORP - UNIT #32,International Holiday Tour Package & Travel Itinerary Confirmation,Corporate Commercial Account #32,"September 14, 2026",DOC-NONMED-2026-9932,REJECTED
NON_MED_033,NON_MED_033_Self_Drive_Car_Rental_Agreement.pdf,0,Automotive Rental,ENTERPRISE ALLIANCE CORP - UNIT #33,Self-Drive Car Rental Agreement & Security Deposit Contract,Corporate Commercial Account #33,"September 14, 2026",DOC-NONMED-2026-9933,REJECTED
NON_MED_034,NON_MED_034_Municipal_Water_Supply_Tax_Bill.pdf,0,Municipal Utilities,ENTERPRISE ALLIANCE CORP - UNIT #34,Municipal Corporation Water Supply & Sewage Tax Demand Notice,Corporate Commercial Account #34,"September 14, 2026",DOC-NONMED-2026-9934,REJECTED
NON_MED_035,NON_MED_035_Chartered_Accountant_Audit_Fee_Invoice.pdf,0,Financial Audit,ENTERPRISE ALLIANCE CORP - UNIT #35,Chartered Accountant Firm Annual Financial Audit & Tax Filing Invoice,Corporate Commercial Account #35,"September 14, 2026",DOC-NONMED-2026-9935,REJECTED
NON_MED_036,NON_MED_036_Wedding_Photography_Booking_Contract.pdf,0,Media & Photography,ENTERPRISE ALLIANCE CORP - UNIT #36,Wedding Photography & Cinematic Video Production Booking Agreement,Corporate Commercial Account #36,"September 14, 2026",DOC-NONMED-2026-9936,REJECTED
NON_MED_037,NON_MED_037_Offset_Printing_Press_Job_Challan.pdf,0,Commercial Printing,ENTERPRISE ALLIANCE CORP - UNIT #37,Commercial Offset Printing Press Business Card & Brochure Invoice,Corporate Commercial Account #37,"September 14, 2026",DOC-NONMED-2026-9937,REJECTED
NON_MED_038,NON_MED_038_Veterinary_Pet_Clinic_Dog_Boarding_Bill.pdf,0,Pet Care & Veterinary,ENTERPRISE ALLIANCE CORP - UNIT #38,Veterinary Pet Clinic Dog Boarding & Canine Grooming Invoice,Corporate Commercial Account #38,"September 14, 2026",DOC-NONMED-2026-9938,REJECTED
NON_MED_039,NON_MED_039_Dry_Cleaning_Laundry_Services_Bill.pdf,0,Personal Care & Laundry,ENTERPRISE ALLIANCE CORP - UNIT #39,Professional Dry Cleaning & Garment Care Services Cash Slip,Corporate Commercial Account #39,"September 14, 2026",DOC-NONMED-2026-9939,REJECTED
NON_MED_040,NON_MED_040_Self_Storage_Facility_Rental_Lease.pdf,0,Warehousing & Storage,ENTERPRISE ALLIANCE CORP - UNIT #40,Self-Storage Secure Locker Monthly Facility Rental Agreement,Corporate Commercial Account #40,"September 14, 2026",DOC-NONMED-2026-9940,REJECTED
NON_MED_041,NON_MED_041_Campus_Bookstore_Textbook_Receipt.pdf,0,Book Retail & Publishing,ENTERPRISE ALLIANCE CORP - UNIT #41,University Campus Bookshop Textbook Purchase & Library Membership Slip,Corporate Commercial Account #41,"September 14, 2026",DOC-NONMED-2026-9941,REJECTED
NON_MED_042,NON_MED_042_OTT_Streaming_Annual_Subscription.pdf,0,Digital Entertainment,ENTERPRISE ALLIANCE CORP - UNIT #42,OTT Video & Music Streaming Family Plan Annual Subscription Invoice,Corporate Commercial Account #42,"September 14, 2026",DOC-NONMED-2026-9942,REJECTED
NON_MED_043,NON_MED_043_Domain_Name_Registrar_SSL_Invoice.pdf,0,Web Hosting & Domains,ENTERPRISE ALLIANCE CORP - UNIT #43,Domain Name Registrar Web Hosting & SSL Certificate Invoice,Corporate Commercial Account #43,"September 14, 2026",DOC-NONMED-2026-9943,REJECTED
NON_MED_044,NON_MED_044_Pest_Control_Service_Contract_Receipt.pdf,0,Facility Hygiene,ENTERPRISE ALLIANCE CORP - UNIT #44,Commercial Facility Pest Control & Deep Cleaning Service Contract,Corporate Commercial Account #44,"September 14, 2026",DOC-NONMED-2026-9944,REJECTED
NON_MED_045,NON_MED_045_Security_Guard_Agency_Monthly_Invoice.pdf,0,Security Services,ENTERPRISE ALLIANCE CORP - UNIT #45,Private Security Guard Agency Monthly Guarding Services Invoice,Corporate Commercial Account #45,"September 14, 2026",DOC-NONMED-2026-9945,REJECTED
NON_MED_046,NON_MED_046_Interior_Design_Consultation_Fee_Bill.pdf,0,Architecture & Interiors,ENTERPRISE ALLIANCE CORP - UNIT #46,Architectural Interior Design Consultation Fee & Mood Board Invoice,Corporate Commercial Account #46,"September 14, 2026",DOC-NONMED-2026-9946,REJECTED
NON_MED_047,NON_MED_047_FASTag_Highway_Toll_Recharge_Statement.pdf,0,Highways & Tolls,ENTERPRISE ALLIANCE CORP - UNIT #47,National Highway Electronic FASTag Toll Recharge Statement,Corporate Commercial Account #47,"September 14, 2026",DOC-NONMED-2026-9947,REJECTED
NON_MED_048,NON_MED_048_Bespoke_Custom_Suit_Tailoring_Bill.pdf,0,Apparel & Tailoring,ENTERPRISE ALLIANCE CORP - UNIT #48,Custom Tailoring Bespoke Suit Stitching Bill & Fabric Receipt,Corporate Commercial Account #48,"September 14, 2026",DOC-NONMED-2026-9948,REJECTED
NON_MED_049,NON_MED_049_Coffee_Roastery_Cash_Register_Bill.pdf,0,Specialty Coffee Retail,ENTERPRISE ALLIANCE CORP - UNIT #49,Artisan Coffee Roastery & Bakery POS Cash Counter Bill,Corporate Commercial Account #49,"September 14, 2026",DOC-NONMED-2026-9949,REJECTED
NON_MED_050,NON_MED_050_Heavy_Crane_Machinery_Lease_Agreement.pdf,0,Heavy Equipment Leasing,ENTERPRISE ALLIANCE CORP - UNIT #50,Heavy Construction Crane & Earthmoving Equipment Lease Agreement,Corporate Commercial Account #50,"September 14, 2026",DOC-NONMED-2026-9950,REJECTED
NON_MED_051,NON_MED_051_Land_Surveyor_Property_Audit_Report.pdf,0,Real Estate Survey,ENTERPRISE ALLIANCE CORP - UNIT #51,Property Valuation & Land Surveyor Structural Audit Inspection Note,Corporate Commercial Account #51,"September 14, 2026",DOC-NONMED-2026-9951,REJECTED
NON_MED_052,NON_MED_052_Music_Academy_Tuition_Term_Fee_Slip.pdf,0,Music Education,ENTERPRISE ALLIANCE CORP - UNIT #52,Music Instrument Academy Classical Guitar Lessons Term Fee Receipt,Corporate Commercial Account #52,"September 14, 2026",DOC-NONMED-2026-9952,REJECTED
